{
	"pages": [ //pages数组中第一项表示应用启动页，参考：https://uniapp.dcloud.io/collocation/pages
		{
			"path": "pages/index/index",
			"style": {
				"navigationBarTitleText": "uni-app",
				"navigationStyle": "custom"
				
			}
		},
		{
			"path" : "pages/Login/Login",
			"style" : 
			{
				"navigationBarTitleText" : "登录",
				"navigationStyle": "custom",
				"disableScroll": true
			}
		},
		{
			"path" : "pages/user/user",
			"style" : 
			{
				"navigationBarTitleText" : "我的"
			}
		},
		{
			"path" : "pages/chating/chating",
			"style" : 
			{
				"navigationBarTitleText" : "ChatFoodCustorm",
				"navigationStyle": "custom"
			}
		},
		{
			"path" : "pages/tabbar/tabbar",
			"style" : 
			{
				"navigationBarTitleText" : ""
			}
		},
		{
			"path" : "pages/IngredientInfo/IngredientInfo",
			"style" : 
			{
				"navigationBarTitleText" : "配料"
			}
		}
	],
	"globalStyle": {
		"navigationBarTextStyle": "black",
		"navigationBarTitleText": "uni-app",
		"navigationBarBackgroundColor": "#F8F8F8",
		"backgroundColor": "#F8F8F8"
	},
	"tabBar": {
		"color": "#9799a5",
		"selectedColor": "#28b389",
		"list": [
			{
				"text": "首页",
				"pagePath": "pages/index/index",
				"iconPath": "/static/images/home.png",
				"selectedIconPath": "/static/images/home-h.png"
			},
			{
				"text": "聊天",
				"pagePath": "pages/chating/chating",
				"iconPath": "/static/images/classify.png",
				"selectedIconPath": "/static/images/classify-h.png"
				
			},{
				"text": "我的",
				"pagePath": "pages/user/user",
				"iconPath": "/static/images/user.png",
				"selectedIconPath": "/static/images/user-h.png"
			}
		]
	},
	"uniIdRouter": {}
}
